timestamp,user_rating,user_review,ai_response,ai_summary,ai_recommended_action
06-12-2025 13:56,1,HEllo,We're sorry to see your 1-star rating. Could you please share more details about your experience so we can understand what went wrong and how we can improve?,"User left a 1-star rating with a single, uninformative word as a review.",Attempt to contact the user to gather more specific feedback regarding their low rating.
06-12-2025 13:57,5,It was great,Thanks for the great feedback!,"Customer provided positive, general feedback.",No specific action required beyond acknowledgement.
06-12-2025 14:02,3,It was nice,Thank you for your review!,"Neutral feedback, indicating a satisfactory but not exceptional experience.",Encourage user for more specific feedback.
06-12-2025 15:49,5,I really love this place,That's wonderful to hear! We're so glad you love it here.,User gave a 5-star rating and expressed strong positive sentiment for the place.,Share with staff to boost morale.
2025-12-06 16:17:20,3,This example highlights exceptional customer service and communication throughout a project,Thank you for your fantastic feedback! We're delighted to hear that you experienced exceptional customer service and communication throughout your project. Your kind words are truly appreciated!,"User provided a glowing review praising exceptional customer service and communication, but gave a 3-star rating, indicating a potential discrepancy.",Flag for internal review to investigate the discrepancy between the highly positive review text and the 3-star rating.
2025-12-06 16:18:25,4,"This review emphasizes long-term positive experiences, attention to detail, and trust in the business","Thank you for your 4-star rating! We're delighted to hear that you value our attention to detail, appreciate your long-term positive experiences, and trust our business.","User highlights long-term satisfaction, attention to detail, and expresses trust in the business.",Reinforce commitment to detail and consistent positive experiences to maintain trust; explore opportunities for a 5-star experience.
2025-12-06 16:18:57,2,It was not that bad,Thank you for your feedback. We appreciate you taking the time to share your thoughts and are always working to improve.,User provided a 2-star rating with vague feedback indicating an acceptable but not good experience.,Monitor for similar vague reviews and consider proactive outreach for more detailed feedback if contact information is available.
2025-12-06 16:20:45,1,I didn't like that much,"Thank you for your feedback. We're sorry to hear you didn't enjoy your experience much. If you'd be willing to share more specific details, it would greatly help us understand and improve.",User expressed general dissatisfaction without providing specific reasons.,No specific action can be taken without further details; monitor for recurring vague negative feedback.
2025-12-06 16:21:17,2,"It was good but not worth it
","Thank you for your feedback. We're glad you found it good, but we're sorry to hear it wasn't worth it for you. Could you please share more details about what made it not worth it so we can understand and improve?","2-star review: customer found the experience ""good"" but felt it did not provide sufficient value for money.","Investigate pricing and perceived value proposition. Gather more details from the customer if possible to understand specific reasons for ""not worth it"" sentiment."
2025-12-06 16:21:40,4,It was really a great experience,Thank you for your kind words! We're thrilled to hear you had a great experience.,User gave 4 stars and had a great experience.,Acknowledge positive feedback.
